{
  "centerline_world": [
    [
      9.904550170898432,
      43.481333160400396
    ],
    [
      9.904550170898432,
      40.481333160400396
    ],
    [
      9.904550170898432,
      37.481333160400396
    ],
    [
      10.904550170898432,
      34.481333160400396
    ],
    [
      11.904550170898432,
      31.481333160400396
    ],
    [
      11.904550170898432,
      28.481333160400396
    ],
    [
      13.904550170898432,
      25.481333160400396
    ],
    [
      14.904550170898432,
      22.481333160400396
    ],
    [
      16.904550170898432,
      19.481333160400396
    ],
    [
      18.904550170898432,
      16.481333160400396
    ],
    [
      21.904550170898432,
      13.481333160400396
    ],
    [
      24.904550170898432,
      10.481333160400396
    ],
    [
      28.904550170898432,
      7.481333160400396
    ],
    [
      31.904550170898432,
      4.481333160400396
    ],
    [
      35.90455017089843,
      1.4813331604003963
    ],
    [
      38.90455017089843,
      -1.5186668395996037
    ],
    [
      41.90455017089843,
      -4.518666839599604
    ],
    [
      43.90455017089843,
      -7.518666839599604
    ],
    [
      45.90455017089843,
      -10.518666839599604
    ],
    [
      48.90455017089843,
      -13.518666839599604
    ],
    [
      51.90455017089843,
      -16.518666839599604
    ],
    [
      54.90455017089843,
      -19.518666839599604
    ],
    [
      55.90455017089843,
      -22.518666839599604
    ],
    [
      58.90455017089843,
      -25.518666839599604
    ],
    [
      61.90455017089843,
      -28.518666839599604
    ],
    [
      66.90455017089843,
      -31.518666839599604
    ],
    [
      70.90455017089843,
      -34.518666839599604
    ],
    [
      70.90455017089843,
      -37.518666839599604
    ],
    [
      76.90455017089843,
      -40.518666839599604
    ],
    [
      79.90455017089843,
      -43.518666839599604
    ]
  ],
  "waypoints": [
    [
      128.67974524857223,
      -72.5186668395996
    ],
    [
      115.44764978080799,
      -64.90839301661441
    ],
    [
      102.99125599421222,
      -57.29811919362921
    ],
    [
      91.31056388878494,
      -49.68784537064401
    ],
    [
      80.40557346452616,
      -42.07757154765882
    ],
    [
      70.27628472143584,
      -34.46729772467362
    ],
    [
      60.92269765951403,
      -26.85702390168842
    ],
    [
      52.34481227876071,
      -19.24675007870323
    ],
    [
      44.54262857917586,
      -11.63647625571803
    ],
    [
      37.51614656075951,
      -4.0262024327328305
    ],
    [
      31.26536622351164,
      3.5840713902523618
    ],
    [
      25.790287567432266,
      11.194345213237554
    ],
    [
      21.09091059252136,
      18.80461903622276
    ],
    [
      17.16723529877896,
      26.414892859207953
    ],
    [
      14.019261686205034,
      34.025166682193145
    ],
    [
      11.646989754799602,
      41.63544050517835
    ],
    [
      10.050419504562655,
      49.245714328163544
    ],
    [
      9.229550935494188,
      56.85598815114875
    ],
    [
      9.184384047594222,
      64.46626197413394
    ],
    [
      9.914918840862732,
      72.07653579711913
    ]
  ],
  "path_length": 198.17605685258505,
  "num_centerline_points": 30,
  "num_waypoints": 20,
  "fit_params": [
    0.006696751297160403,
    -0.818399924437528,
    34.11254640611139
  ],
  "description": "车道中心线和路径点数据（世界坐标，单位：厘米）",
  "coordinate_system": "world coordinates (cm)",
  "waypoints_description": "路径点，可直接用于车辆控制"
}