{
  "centerline_world": [
    [
      9.904550170898432,
      43.481333160400396
    ],
    [
      9.904550170898432,
      40.481333160400396
    ],
    [
      9.904550170898432,
      37.481333160400396
    ],
    [
      9.904550170898432,
      34.481333160400396
    ],
    [
      9.904550170898432,
      31.481333160400396
    ],
    [
      9.904550170898432,
      28.481333160400396
    ],
    [
      9.904550170898432,
      25.481333160400396
    ],
    [
      9.904550170898432,
      22.481333160400396
    ],
    [
      9.904550170898432,
      19.481333160400396
    ],
    [
      9.904550170898432,
      16.481333160400396
    ],
    [
      9.904550170898432,
      13.481333160400396
    ],
    [
      9.904550170898432,
      10.481333160400396
    ],
    [
      9.904550170898432,
      7.481333160400396
    ],
    [
      9.904550170898432,
      4.481333160400396
    ],
    [
      9.904550170898432,
      1.4813331604003963
    ],
    [
      8.904550170898432,
      -1.5186668395996037
    ],
    [
      8.904550170898432,
      -4.518666839599604
    ],
    [
      9.904550170898432,
      -7.518666839599604
    ],
    [
      9.904550170898432,
      -10.518666839599604
    ],
    [
      8.904550170898432,
      -13.518666839599604
    ],
    [
      8.904550170898432,
      -16.518666839599604
    ],
    [
      8.904550170898432,
      -19.518666839599604
    ],
    [
      8.904550170898432,
      -22.518666839599604
    ],
    [
      8.904550170898432,
      -25.518666839599604
    ],
    [
      8.904550170898432,
      -28.518666839599604
    ],
    [
      8.904550170898432,
      -31.518666839599604
    ],
    [
      8.904550170898432,
      -34.518666839599604
    ],
    [
      8.904550170898432,
      -37.518666839599604
    ],
    [
      8.904550170898432,
      -40.518666839599604
    ],
    [
      8.904550170898432,
      -43.518666839599604
    ]
  ],
  "waypoints": [
    [
      -121.09544982910157,
      -11553.694905346632
    ],
    [
      -106.45193626002262,
      -9670.708122124304
    ],
    [
      -91.80842269094367,
      -7936.070444981443
    ],
    [
      -77.16490912186472,
      -6349.781873918053
    ],
    [
      -62.521395552785776,
      -4911.84240893413
    ],
    [
      -47.87788198370683,
      -3622.252050029677
    ],
    [
      -33.23436841462788,
      -2481.010797204691
    ],
    [
      -18.590854845548932,
      -1488.1186504591738
    ],
    [
      -3.9473412764699845,
      -643.5756097931255
    ],
    [
      10.696172292608964,
      52.61832479345429
    ],
    [
      25.33968586168791,
      600.4631533005656
    ],
    [
      39.98319943076686,
      999.9588757282081
    ],
    [
      54.62671299984581,
      1251.1054920763822
    ],
    [
      69.27022656892476,
      1353.9030023450878
    ],
    [
      83.9137401380037,
      1308.3514065343245
    ],
    [
      98.55725370708265,
      1114.4507046440929
    ],
    [
      113.2007672761616,
      772.2008966743929
    ],
    [
      127.84428084524055,
      281.60198262522357
    ],
    [
      142.4877944143195,
      -357.34603750341347
    ],
    [
      157.13130798339844,
      -1144.64316371152
    ]
  ],
  "path_length": 15412.582807104698,
  "num_centerline_points": 30,
  "num_waypoints": 20,
  "fit_params": [
    -0.345910981873896,
    49.87731509137759,
    -441.3030121187324
  ],
  "description": "车道中心线和路径点数据（世界坐标，单位：厘米）",
  "coordinate_system": "world coordinates (cm)",
  "waypoints_description": "路径点，可直接用于车辆控制"
}