{
  "centerline_world": [
    [
      7.904550170898432,
      43.481333160400396
    ],
    [
      5.904550170898432,
      40.481333160400396
    ],
    [
      3.904550170898432,
      37.481333160400396
    ],
    [
      1.9045501708984318,
      34.481333160400396
    ],
    [
      0.9045501708984318,
      31.481333160400396
    ],
    [
      -1.0954498291015682,
      28.481333160400396
    ],
    [
      -2.095449829101568,
      25.481333160400396
    ],
    [
      -4.095449829101568,
      22.481333160400396
    ],
    [
      -6.095449829101568,
      19.481333160400396
    ],
    [
      -8.095449829101568,
      16.481333160400396
    ],
    [
      -9.095449829101568,
      13.481333160400396
    ],
    [
      -12.095449829101568,
      10.481333160400396
    ],
    [
      -14.095449829101568,
      7.481333160400396
    ],
    [
      -17.095449829101568,
      4.481333160400396
    ],
    [
      -20.095449829101568,
      1.4813331604003963
    ],
    [
      -23.095449829101568,
      -1.5186668395996037
    ],
    [
      -24.095449829101568,
      -4.518666839599604
    ],
    [
      -28.095449829101568,
      -7.518666839599604
    ],
    [
      -36.09544982910157,
      -10.518666839599604
    ]
  ],
  "waypoints": [
    [
      -103.29228365697782,
      -72.5186668395996
    ],
    [
      -93.11721675982686,
      -64.90839301661441
    ],
    [
      -83.32740183369107,
      -57.29811919362921
    ],
    [
      -73.92283887857045,
      -49.68784537064401
    ],
    [
      -64.90352789446501,
      -42.07757154765882
    ],
    [
      -56.26946888137475,
      -34.46729772467362
    ],
    [
      -48.02066183929965,
      -26.85702390168842
    ],
    [
      -40.15710676823974,
      -19.24675007870323
    ],
    [
      -32.678803668195,
      -11.63647625571803
    ],
    [
      -25.58575253916544,
      -4.0262024327328305
    ],
    [
      -18.87795338115106,
      3.5840713902523618
    ],
    [
      -12.555406194151852,
      11.194345213237554
    ],
    [
      -6.61811097816781,
      18.80461903622276
    ],
    [
      -1.0660677331989525,
      26.414892859207953
    ],
    [
      4.1007235407547284,
      34.025166682193145
    ],
    [
      8.88226284369324,
      41.63544050517835
    ],
    [
      13.27855017561657,
      49.245714328163544
    ],
    [
      17.28958553652473,
      56.85598815114875
    ],
    [
      20.915368926417703,
      64.46626197413394
    ],
    [
      24.155900345295503,
      72.07653579711913
    ]
  ],
  "path_length": 195.1436446898259,
  "num_centerline_points": 19,
  "num_waypoints": 20,
  "fit_params": [
    -0.0033259392099591225,
    0.8799431398577402,
    -21.98900883637521
  ],
  "description": "车道中心线和路径点数据（世界坐标，单位：厘米）",
  "coordinate_system": "world coordinates (cm)",
  "waypoints_description": "路径点，可直接用于车辆控制"
}